{
	"Parameters":{
		"L0":5.0e-2,
		"tauf":1.8e3,
		"k":5.0,
		"p0":0.0,
		"d":1.0,
		"rhoc":3.82095e6,
		"cb":3.825e3,
		"h":3.0e2,
		"Tmin":37,
		"Tmax":45,
		"alpha":1.3085750925816877e-6,
		"W":2.3
	}
}