{
	"Parameters":{
		"L0":0.1,
		"tauf":1.8e3,
		"k":1.2,
		"p0":1.6e4,
		"d":0.5,
		"rhoc":2.119656e6,
		"cb":3.825e3,
		"h":3.0e2,
		"Tmin":3.7e1,
		"Tmax":4.3e1,
		"alpha":5.661295983876629e-7,
		"W":0.54
	}
}